Gene Symbol,Description,Category,Uniprot ID,Gifts,GC Id,Relevance score, GeneCards Link
UCP1,Uncoupling Protein 1,Protein Coding,P25874,57,GC04M140559,33.5780754089355,https://www.genecards.org/cgi-bin/carddisp.pl?gene=UCP1
PRDM16,PR/SET Domain 16,Protein Coding,Q9HAZ2,58,GC01P091511,12.1678657531738,https://www.genecards.org/cgi-bin/carddisp.pl?gene=PRDM16
UCP3,Uncoupling Protein 3,Protein Coding,P55916,54,GC11M074000,11.6820697784424,https://www.genecards.org/cgi-bin/carddisp.pl?gene=UCP3
ACOT11,Acyl-CoA Thioesterase 11,Protein Coding,Q8WXI4,49,GC01P054542,9.52723121643066,https://www.genecards.org/cgi-bin/carddisp.pl?gene=ACOT11
UCP2,Uncoupling Protein 2,Protein Coding,P55851,58,GC11M073974,9.31042098999023,https://www.genecards.org/cgi-bin/carddisp.pl?gene=UCP2
CIDEA,Cell Death Inducing DFFA Like Effector A,Protein Coding,O60543,50,GC18P012254,9.1470890045166,https://www.genecards.org/cgi-bin/carddisp.pl?gene=CIDEA
FNDC5,Fibronectin Type III Domain Containing 5,Protein Coding,Q8NAU1,47,GC01M041562,8.54367828369141,https://www.genecards.org/cgi-bin/carddisp.pl?gene=FNDC5
LETMD1,LETM1 Domain Containing 1,Protein Coding,Q6P1Q0,47,GC12P051047,8.43241405487061,https://www.genecards.org/cgi-bin/carddisp.pl?gene=LETMD1
ZNF516,Zinc Finger Protein 516,Protein Coding,Q92618,44,GC18M076357,8.41723442077637,https://www.genecards.org/cgi-bin/carddisp.pl?gene=ZNF516
BMP8B,Bone Morphogenetic Protein 8b,Protein Coding,P34820,49,GC01M039757,8.19758987426758,https://www.genecards.org/cgi-bin/carddisp.pl?gene=BMP8B
SMARCA4,SWI/SNF Related BAF Chromatin Remodeling Complex Subunit ATPase 4,Protein Coding,P51532,63,GC19P170938,8.12302684783936,https://www.genecards.org/cgi-bin/carddisp.pl?gene=SMARCA4
TMEM26,Transmembrane Protein 26,Protein Coding,Q6ZUK4,41,GC10M061406,7.4842677116394,https://www.genecards.org/cgi-bin/carddisp.pl?gene=TMEM26
BMP8A,Bone Morphogenetic Protein 8a,Protein Coding,Q7Z5Y6,50,GC01P094527,7.01000595092773,https://www.genecards.org/cgi-bin/carddisp.pl?gene=BMP8A
FGF21,Fibroblast Growth Factor 21,Protein Coding,Q9NSA1,52,GC19P171964,6.87535429000854,https://www.genecards.org/cgi-bin/carddisp.pl?gene=FGF21
ADRB3,Adrenoceptor Beta 3,Protein Coding,P13945,55,GC08M037962,6.70918846130371,https://www.genecards.org/cgi-bin/carddisp.pl?gene=ADRB3
NR1D1,Nuclear Receptor Subfamily 1 Group D Member 1,Protein Coding,P20393,61,GC17M040092,6.55089378356934,https://www.genecards.org/cgi-bin/carddisp.pl?gene=NR1D1
NPPA,Natriuretic Peptide A,Protein Coding,P01160,56,GC01M040726,6.36965894699097,https://www.genecards.org/cgi-bin/carddisp.pl?gene=NPPA
SLC25A44,Solute Carrier Family 25 Member 44,Protein Coding,Q96H78,44,GC01P183794,6.32466173171997,https://www.genecards.org/cgi-bin/carddisp.pl?gene=SLC25A44
PPARGC1A,PPARG Coactivator 1 Alpha,Protein Coding,Q9UBK2,60,GC04M023755,6.3228931427002,https://www.genecards.org/cgi-bin/carddisp.pl?gene=PPARGC1A
ADAMTS5,ADAM Metallopeptidase With Thrombospondin Type 1 Motif 5,Protein Coding,Q9UNA0,56,GC21M026918,6.24150657653809,https://www.genecards.org/cgi-bin/carddisp.pl?gene=ADAMTS5
BMP7,Bone Morphogenetic Protein 7,Protein Coding,P18075,60,GC20M057168,5.45392179489136,https://www.genecards.org/cgi-bin/carddisp.pl?gene=BMP7
LEP,Leptin,Protein Coding,P41159,58,GC07P128241,5.36750602722168,https://www.genecards.org/cgi-bin/carddisp.pl?gene=LEP
SLC2A4,Solute Carrier Family 2 Member 4,Protein Coding,P14672,60,GC17P174515,5.20738172531128,https://www.genecards.org/cgi-bin/carddisp.pl?gene=SLC2A4
LPL,Lipoprotein Lipase,Protein Coding,P06858,63,GC08P019901,5.02003192901611,https://www.genecards.org/cgi-bin/carddisp.pl?gene=LPL
IL6,Interleukin 6,Protein Coding,P05231,63,GC07P022725,4.91043186187744,https://www.genecards.org/cgi-bin/carddisp.pl?gene=IL6
CLSTN3,Calsyntenin 3,Protein Coding,Q9BQT9,46,GC12P085745,4.87905597686768,https://www.genecards.org/cgi-bin/carddisp.pl?gene=CLSTN3
FASTKD3,FAST Kinase Domains 3,Protein Coding,Q14CZ7,45,GC05M007860,4.7621111869812,https://www.genecards.org/cgi-bin/carddisp.pl?gene=FASTKD3
ADRB2,Adrenoceptor Beta 2,Protein Coding,P07550,61,GC05P162652,4.74938678741455,https://www.genecards.org/cgi-bin/carddisp.pl?gene=ADRB2
TFAM,"Transcription Factor A, Mitochondrial",Protein Coding,Q00059,57,GC10P058385,4.5527172088623,https://www.genecards.org/cgi-bin/carddisp.pl?gene=TFAM
GPBAR1,G Protein-Coupled Bile Acid Receptor 1,Protein Coding,Q8TDU6,52,GC02P218259,4.53486967086792,https://www.genecards.org/cgi-bin/carddisp.pl?gene=GPBAR1
DLK1,Delta Like Non-Canonical Notch Ligand 1,Protein Coding,P80370,58,GC14P122738,4.52940988540649,https://www.genecards.org/cgi-bin/carddisp.pl?gene=DLK1
COX7A1,Cytochrome C Oxidase Subunit 7A1,Protein Coding,P24310,48,GC19M116997,4.38618421554565,https://www.genecards.org/cgi-bin/carddisp.pl?gene=COX7A1
NCOA1,Nuclear Receptor Coactivator 1,Protein Coding,Q15788,58,GC02P024584,4.38618421554565,https://www.genecards.org/cgi-bin/carddisp.pl?gene=NCOA1
SFXN5,Sideroflexin 5,Protein Coding,Q8TD22,46,GC02M072943,4.38618421554565,https://www.genecards.org/cgi-bin/carddisp.pl?gene=SFXN5
CTBP1,C-Terminal Binding Protein 1,Protein Coding,Q13363,60,GC04M001211,4.38618421554565,https://www.genecards.org/cgi-bin/carddisp.pl?gene=CTBP1
NHLH2,Nescient Helix-Loop-Helix 2,Protein Coding,Q02577,49,GC01M115836,4.38618421554565,https://www.genecards.org/cgi-bin/carddisp.pl?gene=NHLH2
CTBP2,C-Terminal Binding Protein 2,Protein Coding,P56545,55,GC10M125149,4.38618421554565,https://www.genecards.org/cgi-bin/carddisp.pl?gene=CTBP2
NCOA2,Nuclear Receptor Coactivator 2,Protein Coding,Q15596,57,GC08M070109,4.38618421554565,https://www.genecards.org/cgi-bin/carddisp.pl?gene=NCOA2
ADIPOQ,"Adiponectin, C1Q And Collagen Domain Containing",Protein Coding,Q15848,59,GC03P186842,4.36944913864136,https://www.genecards.org/cgi-bin/carddisp.pl?gene=ADIPOQ
IL10,Interleukin 10,Protein Coding,P22301,59,GC01M206767,4.34390306472778,https://www.genecards.org/cgi-bin/carddisp.pl?gene=IL10
MFSD2A,"MFSD2 Lysolipid Transporter A, Lysophospholipid",Protein Coding,Q8NA29,53,GC01P039955,4.29641246795654,https://www.genecards.org/cgi-bin/carddisp.pl?gene=MFSD2A
PRKG1,Protein Kinase CGMP-Dependent 1,Protein Coding,Q13976,63,GC10P054744,4.2135124206543,https://www.genecards.org/cgi-bin/carddisp.pl?gene=PRKG1
MFSD2B,"MFSD2 Lysolipid Transporter B, Sphingolipid",Protein Coding,A6NFX1,41,GC02P024010,4.2135124206543,https://www.genecards.org/cgi-bin/carddisp.pl?gene=MFSD2B
GPD1,Glycerol-3-Phosphate Dehydrogenase 1,Protein Coding,P21695,55,GC12P086701,4.21240329742432,https://www.genecards.org/cgi-bin/carddisp.pl?gene=GPD1
SLC25A27,Solute Carrier Family 25 Member 27,Protein Coding,O95847,51,GC06P046652,4.21240329742432,https://www.genecards.org/cgi-bin/carddisp.pl?gene=SLC25A27
PPARG,Peroxisome Proliferator Activated Receptor Gamma,Protein Coding,P37231,65,GC03P012287,4.12350654602051,https://www.genecards.org/cgi-bin/carddisp.pl?gene=PPARG
DIO2,Iodothyronine Deiodinase 2,Protein Coding,Q92813,52,GC14M080197,4.09287071228027,https://www.genecards.org/cgi-bin/carddisp.pl?gene=DIO2
HDAC3,Histone Deacetylase 3,Protein Coding,O15379,63,GC05M141620,4.06136131286621,https://www.genecards.org/cgi-bin/carddisp.pl?gene=HDAC3
PRKAA1,Protein Kinase AMP-Activated Catalytic Subunit Alpha 1,Protein Coding,Q13131,59,GC05M040759,4.00484371185303,https://www.genecards.org/cgi-bin/carddisp.pl?gene=PRKAA1
CETP,Cholesteryl Ester Transfer Protein,Protein Coding,P11597,60,GC16P056961,4.00484371185303,https://www.genecards.org/cgi-bin/carddisp.pl?gene=CETP
AOC3,Amine Oxidase Copper Containing 3,Protein Coding,Q16853,58,GC17P042851,4.00484371185303,https://www.genecards.org/cgi-bin/carddisp.pl?gene=AOC3
ANGPTL8,Angiopoietin Like 8,Protein Coding,Q6UXH0,45,GC19P170951,3.94412302970886,https://www.genecards.org/cgi-bin/carddisp.pl?gene=ANGPTL8
INS,Insulin,Protein Coding,P01308,60,GC11M002159,3.94412302970886,https://www.genecards.org/cgi-bin/carddisp.pl?gene=INS
AGRP,Agouti Related Neuropeptide,Protein Coding,O00253,54,GC16M067482,3.87809324264526,https://www.genecards.org/cgi-bin/carddisp.pl?gene=AGRP
CKMT1A,"Creatine Kinase, Mitochondrial 1A",Protein Coding,P12532,45,GC15P210473,3.87809324264526,https://www.genecards.org/cgi-bin/carddisp.pl?gene=CKMT1A
GPD2,Glycerol-3-Phosphate Dehydrogenase 2,Protein Coding,P43304,57,GC02P161080,3.80505681037903,https://www.genecards.org/cgi-bin/carddisp.pl?gene=GPD2
ADRB1,Adrenoceptor Beta 1,Protein Coding,P08588,62,GC10P135157,3.74418640136719,https://www.genecards.org/cgi-bin/carddisp.pl?gene=ADRB1
ESR1,Estrogen Receptor 1,Protein Coding,P03372,67,GC06P201302,3.72215676307678,https://www.genecards.org/cgi-bin/carddisp.pl?gene=ESR1
ACVR1C,Activin A Receptor Type 1C,Protein Coding,Q8NER5,50,GC02M157526,3.72215676307678,https://www.genecards.org/cgi-bin/carddisp.pl?gene=ACVR1C
GPR183,G Protein-Coupled Receptor 183,Protein Coding,P32249,47,GC13M099541,3.62382197380066,https://www.genecards.org/cgi-bin/carddisp.pl?gene=GPR183
C16orf74,Chromosome 16 Open Reading Frame 74,Protein Coding,Q96GX8,35,GC16M085690,3.62382197380066,https://www.genecards.org/cgi-bin/carddisp.pl?gene=C16orf74
HBEGF,Heparin Binding EGF Like Growth Factor,Protein Coding,Q99075,57,GC05M140332,3.62382197380066,https://www.genecards.org/cgi-bin/carddisp.pl?gene=HBEGF
SLC6A4,Solute Carrier Family 6 Member 4,Protein Coding,P31645,60,GC17M030194,3.62382197380066,https://www.genecards.org/cgi-bin/carddisp.pl?gene=SLC6A4
KDM1A,Lysine Demethylase 1A,Protein Coding,O60341,61,GC01P023019,3.62382197380066,https://www.genecards.org/cgi-bin/carddisp.pl?gene=KDM1A
GMPR,Guanosine Monophosphate Reductase,Protein Coding,P36959,52,GC06P016238,3.62382197380066,https://www.genecards.org/cgi-bin/carddisp.pl?gene=GMPR
WTAP,WT1 Associated Protein,Protein Coding,Q15007,50,GC06P201516,3.62382197380066,https://www.genecards.org/cgi-bin/carddisp.pl?gene=WTAP
USF1,Upstream Transcription Factor 1,Protein Coding,P22415,55,GC01M161039,3.62382197380066,https://www.genecards.org/cgi-bin/carddisp.pl?gene=USF1
ADAM12,ADAM Metallopeptidase Domain 12,Protein Coding,O43184,58,GC10M126012,3.62382197380066,https://www.genecards.org/cgi-bin/carddisp.pl?gene=ADAM12
NR1H2,Nuclear Receptor Subfamily 1 Group H Member 2,Protein Coding,P55055,59,GC19P050329,3.61768388748169,https://www.genecards.org/cgi-bin/carddisp.pl?gene=NR1H2
PPARGC1B,PPARG Coactivator 1 Beta,Protein Coding,Q86YN6,48,GC05P162693,3.57205629348755,https://www.genecards.org/cgi-bin/carddisp.pl?gene=PPARGC1B
LIPE,"Lipase E, Hormone Sensitive Type",Protein Coding,Q05469,61,GC19M042401,3.47409677505493,https://www.genecards.org/cgi-bin/carddisp.pl?gene=LIPE
HIF1A,Hypoxia Inducible Factor 1 Subunit Alpha,Protein Coding,Q16665,62,GC14P061695,3.47409677505493,https://www.genecards.org/cgi-bin/carddisp.pl?gene=HIF1A
TBL1XR1,TBL1X/Y Related 1,Protein Coding,Q9BZK7,57,GC03M177019,3.45987153053284,https://www.genecards.org/cgi-bin/carddisp.pl?gene=TBL1XR1
SLC25A3,Solute Carrier Family 25 Member 3,Protein Coding,Q00325,57,GC12P098593,3.42101430892944,https://www.genecards.org/cgi-bin/carddisp.pl?gene=SLC25A3
NPY,Neuropeptide Y,Protein Coding,P01303,58,GC07P032285,3.42101430892944,https://www.genecards.org/cgi-bin/carddisp.pl?gene=NPY
FABP4,Fatty Acid Binding Protein 4,Protein Coding,P15090,56,GC08M081478,3.42101430892944,https://www.genecards.org/cgi-bin/carddisp.pl?gene=FABP4
SLC25A14,Solute Carrier Family 25 Member 14,Protein Coding,O95258,49,GC0XP130339,3.36449670791626,https://www.genecards.org/cgi-bin/carddisp.pl?gene=SLC25A14
NR4A1,Nuclear Receptor Subfamily 4 Group A Member 1,Protein Coding,P22736,60,GC12P052022,3.23774576187134,https://www.genecards.org/cgi-bin/carddisp.pl?gene=NR4A1
NR1H3,Nuclear Receptor Subfamily 1 Group H Member 3,Protein Coding,Q13133,59,GC11P047248,3.23774576187134,https://www.genecards.org/cgi-bin/carddisp.pl?gene=NR1H3
ELOVL3,ELOVL Fatty Acid Elongase 3,Protein Coding,Q9HB03,47,GC10P134788,3.23774576187134,https://www.genecards.org/cgi-bin/carddisp.pl?gene=ELOVL3
COBL,Cordon-Bleu WH2 Repeat Protein,Protein Coding,O75128,44,GC07M051016,3.18628239631653,https://www.genecards.org/cgi-bin/carddisp.pl?gene=COBL
MKX,Mohawk Homeobox,Protein Coding,Q8IYA7,47,GC10M028689,3.18628239631653,https://www.genecards.org/cgi-bin/carddisp.pl?gene=MKX
PMCH,Pro-Melanin Concentrating Hormone,Protein Coding,P20382,47,GC12M102196,3.17718434333801,https://www.genecards.org/cgi-bin/carddisp.pl?gene=PMCH
MAPK14,Mitogen-Activated Protein Kinase 14,Protein Coding,Q16539,64,GC06P199648,3.16470956802368,https://www.genecards.org/cgi-bin/carddisp.pl?gene=MAPK14
NR3C1,Nuclear Receptor Subfamily 3 Group C Member 1,Protein Coding,P04150,61,GC05M143277,3.16470956802368,https://www.genecards.org/cgi-bin/carddisp.pl?gene=NR3C1
STAT3,Signal Transducer And Activator Of Transcription 3,Protein Coding,P40763,66,GC17M042313,3.16470956802368,https://www.genecards.org/cgi-bin/carddisp.pl?gene=STAT3
NRF1,Nuclear Respiratory Factor 1,Protein Coding,Q16656,56,GC07P129611,3.16470956802368,https://www.genecards.org/cgi-bin/carddisp.pl?gene=NRF1
GNAS,GNAS Complex Locus,Protein Coding,P84996,63,GC20P058839,3.16470956802368,https://www.genecards.org/cgi-bin/carddisp.pl?gene=GNAS
DICER1,"Dicer 1, Ribonuclease III",Protein Coding,Q9UPY3,61,GC14M095086,3.16470956802368,https://www.genecards.org/cgi-bin/carddisp.pl?gene=DICER1
TSHR,Thyroid Stimulating Hormone Receptor,Protein Coding,P16473,61,GC14P080954,3.16470956802368,https://www.genecards.org/cgi-bin/carddisp.pl?gene=TSHR
PRLR,Prolactin Receptor,Protein Coding,P16471,60,GC05M035048,3.08180952072144,https://www.genecards.org/cgi-bin/carddisp.pl?gene=PRLR
INSR,Insulin Receptor,Protein Coding,P06213,66,GC19M007112,3.08180952072144,https://www.genecards.org/cgi-bin/carddisp.pl?gene=INSR
ACACA,Acetyl-CoA Carboxylase Alpha,Protein Coding,Q13085,62,GC17M037084,3.08180952072144,https://www.genecards.org/cgi-bin/carddisp.pl?gene=ACACA
STK11,Serine/Threonine Kinase 11,Protein Coding,Q15831,62,GC19P001177,3.08180952072144,https://www.genecards.org/cgi-bin/carddisp.pl?gene=STK11
WNT10B,Wnt Family Member 10B,Protein Coding,O00744,59,GC12M048965,3.08180952072144,https://www.genecards.org/cgi-bin/carddisp.pl?gene=WNT10B
JAK2,Janus Kinase 2,Protein Coding,O60674,66,GC09P004985,3.08180952072144,https://www.genecards.org/cgi-bin/carddisp.pl?gene=JAK2
NR3C2,Nuclear Receptor Subfamily 3 Group C Member 2,Protein Coding,P08235,58,GC04M148078,3.08180952072144,https://www.genecards.org/cgi-bin/carddisp.pl?gene=NR3C2
MC4R,Melanocortin 4 Receptor,Protein Coding,P32245,57,GC18M060371,3.08180952072144,https://www.genecards.org/cgi-bin/carddisp.pl?gene=MC4R
ADCY10,Adenylate Cyclase 10,Protein Coding,Q96PN6,55,GC01M167809,3.08180952072144,https://www.genecards.org/cgi-bin/carddisp.pl?gene=ADCY10
GDF15,Growth Differentiation Factor 15,Protein Coding,Q99988,56,GC19P171233,3.08180952072144,https://www.genecards.org/cgi-bin/carddisp.pl?gene=GDF15
STC2,Stanniocalcin 2,Protein Coding,O76061,53,GC05M173314,3.08180952072144,https://www.genecards.org/cgi-bin/carddisp.pl?gene=STC2
BSCL2,"BSCL2 Lipid Droplet Biogenesis Associated, Seipin",Protein Coding,Q96G97,54,GC11M146068,3.08180952072144,https://www.genecards.org/cgi-bin/carddisp.pl?gene=BSCL2
CIDEC,Cell Death Inducing DFFA Like Effector C,Protein Coding,Q96AQ7,51,GC03M009866,3.08180952072144,https://www.genecards.org/cgi-bin/carddisp.pl?gene=CIDEC
RARRES2,Retinoic Acid Receptor Responder 2,Protein Coding,Q99969,51,GC07M150333,3.07884955406189,https://www.genecards.org/cgi-bin/carddisp.pl?gene=RARRES2
SLC27A1,Solute Carrier Family 27 Member 1,Protein Coding,Q6PCB7,51,GC19P171216,2.98347473144531,https://www.genecards.org/cgi-bin/carddisp.pl?gene=SLC27A1
CKMT2,"Creatine Kinase, Mitochondrial 2",Protein Coding,P17540,54,GC05P081233,2.98347473144531,https://www.genecards.org/cgi-bin/carddisp.pl?gene=CKMT2
ATF4,Activating Transcription Factor 4,Protein Coding,P18848,60,GC22P039519,2.98347473144531,https://www.genecards.org/cgi-bin/carddisp.pl?gene=ATF4
FGFR1,Fibroblast Growth Factor Receptor 1,Protein Coding,P11362,67,GC08M038400,2.98347473144531,https://www.genecards.org/cgi-bin/carddisp.pl?gene=FGFR1
TRPV1,Transient Receptor Potential Cation Channel Subfamily V Member 1,Protein Coding,Q8NER1,61,GC17M003565,2.98347473144531,https://www.genecards.org/cgi-bin/carddisp.pl?gene=TRPV1
SLC6A2,Solute Carrier Family 6 Member 2,Protein Coding,P23975,60,GC16P137339,2.98347473144531,https://www.genecards.org/cgi-bin/carddisp.pl?gene=SLC6A2
ZIC1,Zic Family Zinc Finger 1,Protein Coding,Q15915,57,GC03P147393,2.98347473144531,https://www.genecards.org/cgi-bin/carddisp.pl?gene=ZIC1
THRB,Thyroid Hormone Receptor Beta,Protein Coding,P10828,60,GC03M024117,2.98347473144531,https://www.genecards.org/cgi-bin/carddisp.pl?gene=THRB
CHN2,Chimerin 2,Protein Coding,P52757,53,GC07P032525,2.98347473144531,https://www.genecards.org/cgi-bin/carddisp.pl?gene=CHN2
REG3A,Regenerating Family Member 3 Alpha,Protein Coding,Q06141,48,GC02M079157,2.98347473144531,https://www.genecards.org/cgi-bin/carddisp.pl?gene=REG3A
APOM,Apolipoprotein M,Protein Coding,O95445,52,GC06P199535,2.98347473144531,https://www.genecards.org/cgi-bin/carddisp.pl?gene=APOM
ESR2,Estrogen Receptor 2,Protein Coding,Q92731,61,GC14M064084,2.98347473144531,https://www.genecards.org/cgi-bin/carddisp.pl?gene=ESR2
ADIPOR2,Adiponectin Receptor 2,Protein Coding,Q86V24,54,GC12P001670,2.98347473144531,https://www.genecards.org/cgi-bin/carddisp.pl?gene=ADIPOR2
SPARC,Secreted Protein Acidic And Cysteine Rich,Protein Coding,P09486,62,GC05M151661,2.98347473144531,https://www.genecards.org/cgi-bin/carddisp.pl?gene=SPARC
ROCK1,Rho Associated Coiled-Coil Containing Protein Kinase 1,Protein Coding,Q13464,62,GC18M040102,2.98347473144531,https://www.genecards.org/cgi-bin/carddisp.pl?gene=ROCK1
LEPR,Leptin Receptor,Protein Coding,P48357,63,GC01P095923,2.98347473144531,https://www.genecards.org/cgi-bin/carddisp.pl?gene=LEPR
MFN2,Mitofusin 2,Protein Coding,O95140,60,GC01P011980,2.98347473144531,https://www.genecards.org/cgi-bin/carddisp.pl?gene=MFN2
CRH,Corticotropin Releasing Hormone,Protein Coding,P06850,55,GC08M066176,2.98347473144531,https://www.genecards.org/cgi-bin/carddisp.pl?gene=CRH
METRNL,"Meteorin Like, Glial Cell Differentiation Regulator",Protein Coding,Q641Q3,45,GC17P083079,2.95069742202759,https://www.genecards.org/cgi-bin/carddisp.pl?gene=METRNL
ANKRD23,Ankyrin Repeat Domain 23,Protein Coding,Q86SG2,41,GC02M102960,2.95069742202759,https://www.genecards.org/cgi-bin/carddisp.pl?gene=ANKRD23
PTGER3,Prostaglandin E Receptor 3,Protein Coding,P43115,58,GC01M070852,2.85532236099243,https://www.genecards.org/cgi-bin/carddisp.pl?gene=PTGER3
PDE4A,Phosphodiesterase 4A,Protein Coding,P27815,58,GC19P010416,2.85532236099243,https://www.genecards.org/cgi-bin/carddisp.pl?gene=PDE4A
NDUFS3,NADH:Ubiquinone Oxidoreductase Core Subunit S3,Protein Coding,O75489,58,GC11P049934,2.85532236099243,https://www.genecards.org/cgi-bin/carddisp.pl?gene=NDUFS3
MTTP,Microsomal Triglyceride Transfer Protein,Protein Coding,P55157,57,GC04P099563,2.85532236099243,https://www.genecards.org/cgi-bin/carddisp.pl?gene=MTTP
COX5A,Cytochrome C Oxidase Subunit 5A,Protein Coding,P20674,57,GC15M074919,2.85532236099243,https://www.genecards.org/cgi-bin/carddisp.pl?gene=COX5A
TSPO,Translocator Protein,Protein Coding,B1AH88,58,GC22P043151,2.85532236099243,https://www.genecards.org/cgi-bin/carddisp.pl?gene=TSPO
USP2,Ubiquitin Specific Peptidase 2,Protein Coding,O75604,54,GC11M119355,2.85532236099243,https://www.genecards.org/cgi-bin/carddisp.pl?gene=USP2
EIF4EBP2,Eukaryotic Translation Initiation Factor 4E Binding Protein 2,Protein Coding,Q13542,52,GC10P070404,2.85532236099243,https://www.genecards.org/cgi-bin/carddisp.pl?gene=EIF4EBP2
ATP5PB,ATP Synthase Peripheral Stalk-Membrane Subunit B,Protein Coding,P24539,52,GC01P113988,2.85532236099243,https://www.genecards.org/cgi-bin/carddisp.pl?gene=ATP5PB
TRPV2,Transient Receptor Potential Cation Channel Subfamily V Member 2,Protein Coding,Q9Y5S1,53,GC17P016415,2.85532236099243,https://www.genecards.org/cgi-bin/carddisp.pl?gene=TRPV2
RORC,RAR Related Orphan Receptor C,Protein Coding,P51449,55,GC01M151806,2.85532236099243,https://www.genecards.org/cgi-bin/carddisp.pl?gene=RORC
BAAT,Bile Acid-CoA:Amino Acid N-Acyltransferase,Protein Coding,Q14032,54,GC09M101354,2.85532236099243,https://www.genecards.org/cgi-bin/carddisp.pl?gene=BAAT
TXNRD2,Thioredoxin Reductase 2,Protein Coding,Q9NNW7,57,GC22M090212,2.85532236099243,https://www.genecards.org/cgi-bin/carddisp.pl?gene=TXNRD2
ADIPOR1,Adiponectin Receptor 1,Protein Coding,Q96A54,57,GC01M202940,2.85532236099243,https://www.genecards.org/cgi-bin/carddisp.pl?gene=ADIPOR1
PRKAB1,Protein Kinase AMP-Activated Non-Catalytic Subunit Beta 1,Protein Coding,Q9Y478,59,GC12P119667,2.85532236099243,https://www.genecards.org/cgi-bin/carddisp.pl?gene=PRKAB1
LPIN1,Lipin 1,Protein Coding,Q14693,59,GC02P011677,2.85532236099243,https://www.genecards.org/cgi-bin/carddisp.pl?gene=LPIN1
RHOA,Ras Homolog Family Member A,Protein Coding,P61586,62,GC03M049359,2.85532236099243,https://www.genecards.org/cgi-bin/carddisp.pl?gene=RHOA
PTEN,Phosphatase And Tensin Homolog,Protein Coding,P60484,65,GC10P134441,2.85532236099243,https://www.genecards.org/cgi-bin/carddisp.pl?gene=PTEN
ACE2,Angiotensin Converting Enzyme 2,Protein Coding,Q9BYF1,61,GC0XM015494,2.85532236099243,https://www.genecards.org/cgi-bin/carddisp.pl?gene=ACE2
GPR3,G Protein-Coupled Receptor 3,Protein Coding,P46089,50,GC01P093383,2.85532236099243,https://www.genecards.org/cgi-bin/carddisp.pl?gene=GPR3
PCTP,Phosphatidylcholine Transfer Protein,Protein Coding,Q9UKL6,48,GC17P175968,2.85532236099243,https://www.genecards.org/cgi-bin/carddisp.pl?gene=PCTP
ABCA1,ATP Binding Cassette Subfamily A Member 1,Protein Coding,O95477,61,GC09M104781,2.85532236099243,https://www.genecards.org/cgi-bin/carddisp.pl?gene=ABCA1
KL,Klotho,Protein Coding,Q9UEF7,60,GC13P033016,2.85532236099243,https://www.genecards.org/cgi-bin/carddisp.pl?gene=KL
ITPR1,"Inositol 1,4,5-Trisphosphate Receptor Type 1",Protein Coding,Q14643,61,GC03P004512,2.85532236099243,https://www.genecards.org/cgi-bin/carddisp.pl?gene=ITPR1
CAV1,Caveolin 1,Protein Coding,Q03135,61,GC07P116524,2.85532236099243,https://www.genecards.org/cgi-bin/carddisp.pl?gene=CAV1
MB,Myoglobin,Protein Coding,P02144,58,GC22M035606,2.85532236099243,https://www.genecards.org/cgi-bin/carddisp.pl?gene=MB
PRKAG1,Protein Kinase AMP-Activated Non-Catalytic Subunit Gamma 1,Protein Coding,P54619,57,GC12M049002,2.85532236099243,https://www.genecards.org/cgi-bin/carddisp.pl?gene=PRKAG1
AGER,Advanced Glycosylation End-Product Specific Receptor,Protein Coding,Q15109,59,GC06M032180,2.85532236099243,https://www.genecards.org/cgi-bin/carddisp.pl?gene=AGER
APOB,Apolipoprotein B,Protein Coding,P04114,58,GC02M020956,2.85532236099243,https://www.genecards.org/cgi-bin/carddisp.pl?gene=APOB
CRP,C-Reactive Protein,Protein Coding,P02741,58,GC01M169920,2.85532236099243,https://www.genecards.org/cgi-bin/carddisp.pl?gene=CRP
SCT,Secretin,Protein Coding,P09683,47,GC11M000626,2.85532236099243,https://www.genecards.org/cgi-bin/carddisp.pl?gene=SCT
GIP,Gastric Inhibitory Polypeptide,Protein Coding,P09681,50,GC17M048958,2.85532236099243,https://www.genecards.org/cgi-bin/carddisp.pl?gene=GIP
STC1,Stanniocalcin 1,Protein Coding,P52823,52,GC08M023841,2.85532236099243,https://www.genecards.org/cgi-bin/carddisp.pl?gene=STC1
ATP5MC2,ATP Synthase Membrane Subunit C Locus 2,Protein Coding,Q06055,50,GC12M053973,2.85532236099243,https://www.genecards.org/cgi-bin/carddisp.pl?gene=ATP5MC2
GADD45G,Growth Arrest And DNA Damage Inducible Gamma,Protein Coding,O95257,51,GC09P089605,2.85532236099243,https://www.genecards.org/cgi-bin/carddisp.pl?gene=GADD45G
MAPK13,Mitogen-Activated Protein Kinase 13,Protein Coding,O15264,59,GC06P199649,2.85532236099243,https://www.genecards.org/cgi-bin/carddisp.pl?gene=MAPK13
CXCR4,C-X-C Motif Chemokine Receptor 4,Protein Coding,P61073,65,GC02M136114,2.85532236099243,https://www.genecards.org/cgi-bin/carddisp.pl?gene=CXCR4
FNBP1,Formin Binding Protein 1,Protein Coding,Q96RU3,48,GC09M129887,2.64131021499634,https://www.genecards.org/cgi-bin/carddisp.pl?gene=FNBP1
ELOVL6,ELOVL Fatty Acid Elongase 6,Protein Coding,Q9H5J4,52,GC04M110045,2.54593515396118,https://www.genecards.org/cgi-bin/carddisp.pl?gene=ELOVL6
OGT,O-Linked N-Acetylglucosamine (GlcNAc) Transferase,Protein Coding,O15294,58,GC0XP072499,2.54593515396118,https://www.genecards.org/cgi-bin/carddisp.pl?gene=OGT
TNFSF9,TNF Superfamily Member 9,Protein Coding,P41273,50,GC19P006531,2.54593515396118,https://www.genecards.org/cgi-bin/carddisp.pl?gene=TNFSF9
BRCA1,BRCA1 DNA Repair Associated,Protein Coding,P38398,63,GC17M043044,2.54593515396118,https://www.genecards.org/cgi-bin/carddisp.pl?gene=BRCA1
MGLL,Monoglyceride Lipase,Protein Coding,Q99685,57,GC03M127689,2.54593515396118,https://www.genecards.org/cgi-bin/carddisp.pl?gene=MGLL
MYOC,Myocilin,Protein Coding,Q99972,53,GC01M171604,2.54593515396118,https://www.genecards.org/cgi-bin/carddisp.pl?gene=MYOC
GNAI1,G Protein Subunit Alpha I1,Protein Coding,P63096,60,GC07P115149,2.54593515396118,https://www.genecards.org/cgi-bin/carddisp.pl?gene=GNAI1
EPAS1,Endothelial PAS Domain Protein 1,Protein Coding,Q99814,63,GC02P046293,2.54593515396118,https://www.genecards.org/cgi-bin/carddisp.pl?gene=EPAS1
FGF16,Fibroblast Growth Factor 16,Protein Coding,O43320,50,GC0XP077447,2.38362145423889,https://www.genecards.org/cgi-bin/carddisp.pl?gene=FGF16
PPARA,Peroxisome Proliferator Activated Receptor Alpha,Protein Coding,Q07869,57,GC22P102866,2.15762090682983,https://www.genecards.org/cgi-bin/carddisp.pl?gene=PPARA
HCRT,Hypocretin Neuropeptide Precursor,Protein Coding,O43612,52,GC17M104754,2.11551141738892,https://www.genecards.org/cgi-bin/carddisp.pl?gene=HCRT
FGF19,Fibroblast Growth Factor 19,Protein Coding,O95750,57,GC11M146342,2.07174873352051,https://www.genecards.org/cgi-bin/carddisp.pl?gene=FGF19
TOMM7,Translocase Of Outer Mitochondrial Membrane 7,Protein Coding,Q9P0U1,49,GC07M023910,2.0366415977478,https://www.genecards.org/cgi-bin/carddisp.pl?gene=TOMM7
SLC25A19,Solute Carrier Family 25 Member 19,Protein Coding,Q9HC21,55,GC17M105603,1.97836816310883,https://www.genecards.org/cgi-bin/carddisp.pl?gene=SLC25A19
PLIN1,Perilipin 1,Protein Coding,O60240,58,GC15M089664,1.92816150188446,https://www.genecards.org/cgi-bin/carddisp.pl?gene=PLIN1
THRSP,Thyroid Hormone Responsive,Protein Coding,Q92748,44,GC11P078063,1.87507903575897,https://www.genecards.org/cgi-bin/carddisp.pl?gene=THRSP
MTOR,Mechanistic Target Of Rapamycin Kinase,Protein Coding,P42345,68,GC01M011106,1.81856155395508,https://www.genecards.org/cgi-bin/carddisp.pl?gene=MTOR
RETN,Resistin,Protein Coding,Q9HD89,55,GC19P007669,1.75784063339233,https://www.genecards.org/cgi-bin/carddisp.pl?gene=RETN
CXCL14,C-X-C Motif Chemokine Ligand 14,Protein Coding,O95715,48,GC05M135617,1.69181072711945,https://www.genecards.org/cgi-bin/carddisp.pl?gene=CXCL14
NRIP1,Nuclear Receptor Interacting Protein 1,Protein Coding,P48552,56,GC21M014961,1.69181072711945,https://www.genecards.org/cgi-bin/carddisp.pl?gene=NRIP1
ANGPTL4,Angiopoietin Like 4,Protein Coding,Q9BY76,55,GC19P008363,1.69181072711945,https://www.genecards.org/cgi-bin/carddisp.pl?gene=ANGPTL4
LMOD1,Leiomodin 1,Protein Coding,P29536,52,GC01M201896,1.6187744140625,https://www.genecards.org/cgi-bin/carddisp.pl?gene=LMOD1
AZGP1,"Alpha-2-Glycoprotein 1, Zinc-Binding",Protein Coding,P25311,55,GC07M107358,1.6187744140625,https://www.genecards.org/cgi-bin/carddisp.pl?gene=AZGP1
PM20D1,Peptidase M20 Domain Containing 1,Protein Coding,Q6GTS8,48,GC01M205829,1.6187744140625,https://www.genecards.org/cgi-bin/carddisp.pl?gene=PM20D1
FTO,FTO Alpha-Ketoglutarate Dependent Dioxygenase,Protein Coding,Q9C0B1,58,GC16P137301,1.6187744140625,https://www.genecards.org/cgi-bin/carddisp.pl?gene=FTO
PRXL2A,Peroxiredoxin Like 2A,Protein Coding,Q9BRX8,41,GC10P137923,1.6187744140625,https://www.genecards.org/cgi-bin/carddisp.pl?gene=PRXL2A
ENPP2,Ectonucleotide Pyrophosphatase/Phosphodiesterase 2,Protein Coding,Q13822,58,GC08M119556,1.6187744140625,https://www.genecards.org/cgi-bin/carddisp.pl?gene=ENPP2
IGFBP6,Insulin Like Growth Factor Binding Protein 6,Protein Coding,P24592,56,GC12P053097,1.6187744140625,https://www.genecards.org/cgi-bin/carddisp.pl?gene=IGFBP6
NRG4,Neuregulin 4,Protein Coding,Q8WWG1,49,GC15M075935,1.6187744140625,https://www.genecards.org/cgi-bin/carddisp.pl?gene=NRG4
STK4,Serine/Threonine Kinase 4,Protein Coding,Q13043,60,GC20P044966,1.6187744140625,https://www.genecards.org/cgi-bin/carddisp.pl?gene=STK4
POMC,Proopiomelanocortin,Protein Coding,P01189,61,GC02M025160,1.6187744140625,https://www.genecards.org/cgi-bin/carddisp.pl?gene=POMC
GPIHBP1,Glycosylphosphatidylinositol Anchored High Density Lipoprotein Binding Protein 1,Protein Coding,Q8IV16,48,GC08P143213,1.6187744140625,https://www.genecards.org/cgi-bin/carddisp.pl?gene=GPIHBP1
ESRRA,Estrogen Related Receptor Alpha,Protein Coding,P11474,59,GC11P064305,1.6187744140625,https://www.genecards.org/cgi-bin/carddisp.pl?gene=ESRRA
EHMT1,Euchromatic Histone Lysine Methyltransferase 1,Protein Coding,Q9H9B1,58,GC09P137618,1.6187744140625,https://www.genecards.org/cgi-bin/carddisp.pl?gene=EHMT1
SOCS3,Suppressor Of Cytokine Signaling 3,Protein Coding,O14543,57,GC17M078356,1.6187744140625,https://www.genecards.org/cgi-bin/carddisp.pl?gene=SOCS3
TP53,Tumor Protein P53,Protein Coding,P04637,66,GC17M007661,1.6187744140625,https://www.genecards.org/cgi-bin/carddisp.pl?gene=TP53
IMMT,Inner Membrane Mitochondrial Protein,Protein Coding,Q16891,52,GC02M086144,1.53587436676025,https://www.genecards.org/cgi-bin/carddisp.pl?gene=IMMT
PNPLA3,"Patatin Like Domain 3, 1-Acylglycerol-3-Phosphate O-Acyltransferase ",Protein Coding,Q9NST1,54,GC22P043923,1.53587436676025,https://www.genecards.org/cgi-bin/carddisp.pl?gene=PNPLA3
MLXIPL,MLX Interacting Protein Like,Protein Coding,Q9NP71,54,GC07M073593,1.53587436676025,https://www.genecards.org/cgi-bin/carddisp.pl?gene=MLXIPL
IRS1,Insulin Receptor Substrate 1,Protein Coding,P35568,60,GC02M226731,1.53587436676025,https://www.genecards.org/cgi-bin/carddisp.pl?gene=IRS1
ALDH2,Aldehyde Dehydrogenase 2 Family Member,Protein Coding,P05091,63,GC12P111766,1.53587436676025,https://www.genecards.org/cgi-bin/carddisp.pl?gene=ALDH2
AKT2,AKT Serine/Threonine Kinase 2,Protein Coding,P31751,66,GC19M040230,1.53587436676025,https://www.genecards.org/cgi-bin/carddisp.pl?gene=AKT2
ACOT13,Acyl-CoA Thioesterase 13,Protein Coding,Q9NPJ3,47,GC06P024667,1.53587436676025,https://www.genecards.org/cgi-bin/carddisp.pl?gene=ACOT13
ACADM,Acyl-CoA Dehydrogenase Medium Chain,Protein Coding,P11310,58,GC01P075724,1.53587436676025,https://www.genecards.org/cgi-bin/carddisp.pl?gene=ACADM
PLA2G2A,Phospholipase A2 Group IIA,Protein Coding,P14555,60,GC01M019975,1.53587436676025,https://www.genecards.org/cgi-bin/carddisp.pl?gene=PLA2G2A
SLC25A39,Solute Carrier Family 25 Member 39,Protein Coding,Q9BZJ4,47,GC17M044319,1.53587436676025,https://www.genecards.org/cgi-bin/carddisp.pl?gene=SLC25A39
MARCHF6,Membrane Associated Ring-CH-Type Finger 6,Protein Coding,O60337,47,GC05P011343,1.53587436676025,https://www.genecards.org/cgi-bin/carddisp.pl?gene=MARCHF6
TWIST1,Twist Family BHLH Transcription Factor 1,Protein Coding,Q15672,58,GC07M019020,1.53587436676025,https://www.genecards.org/cgi-bin/carddisp.pl?gene=TWIST1
PAX8,Paired Box 8,Protein Coding,Q06710,57,GC02M113215,1.53587436676025,https://www.genecards.org/cgi-bin/carddisp.pl?gene=PAX8
ADD1,Adducin 1,Protein Coding,P35611,57,GC04P033814,1.53587436676025,https://www.genecards.org/cgi-bin/carddisp.pl?gene=ADD1
FGF23,Fibroblast Growth Factor 23,Protein Coding,Q9GZV9,57,GC12M004368,1.53587436676025,https://www.genecards.org/cgi-bin/carddisp.pl?gene=FGF23
ADCYAP1,Adenylate Cyclase Activating Polypeptide 1,Protein Coding,P18509,55,GC18P000895,1.53587436676025,https://www.genecards.org/cgi-bin/carddisp.pl?gene=ADCYAP1
ACTN3,Actinin Alpha 3,Protein Coding,Q08043,52,GC11P066546,1.53587436676025,https://www.genecards.org/cgi-bin/carddisp.pl?gene=ACTN3
IGF1R,Insulin Like Growth Factor 1 Receptor,Protein Coding,P08069,68,GC15P098648,1.53587436676025,https://www.genecards.org/cgi-bin/carddisp.pl?gene=IGF1R
FOXO1,Forkhead Box O1,Protein Coding,Q12778,64,GC13M040555,1.53587436676025,https://www.genecards.org/cgi-bin/carddisp.pl?gene=FOXO1
DBH,Dopamine Beta-Hydroxylase,Protein Coding,P09172,64,GC09P133636,1.53587436676025,https://www.genecards.org/cgi-bin/carddisp.pl?gene=DBH
SCD,Stearoyl-CoA Desaturase,Protein Coding,O00767,62,GC10P134681,1.53587436676025,https://www.genecards.org/cgi-bin/carddisp.pl?gene=SCD
RYR1,Ryanodine Receptor 1,Protein Coding,P21817,61,GC19P171589,1.53587436676025,https://www.genecards.org/cgi-bin/carddisp.pl?gene=RYR1
SORL1,Sortilin Related Receptor 1,Protein Coding,Q92673,58,GC11P121452,1.53587436676025,https://www.genecards.org/cgi-bin/carddisp.pl?gene=SORL1
MSTN,Myostatin,Protein Coding,O14793,58,GC02M190055,1.53587436676025,https://www.genecards.org/cgi-bin/carddisp.pl?gene=MSTN
CEBPB,CCAAT Enhancer Binding Protein Beta,Protein Coding,P17676,58,GC20P050190,1.53587436676025,https://www.genecards.org/cgi-bin/carddisp.pl?gene=CEBPB
SLC29A1,Solute Carrier Family 29 Member 1 (Augustine Blood Group),Protein Coding,Q99808,61,GC06P044219,1.53587436676025,https://www.genecards.org/cgi-bin/carddisp.pl?gene=SLC29A1
APLN,Apelin,Protein Coding,Q9ULZ1,49,GC0XM129645,1.53587436676025,https://www.genecards.org/cgi-bin/carddisp.pl?gene=APLN
STEAP4,STEAP4 Metalloreductase,Protein Coding,Q687X5,52,GC07M088632,1.53587436676025,https://www.genecards.org/cgi-bin/carddisp.pl?gene=STEAP4
LPIN2,Lipin 2,Protein Coding,Q92539,52,GC18M004124,1.53587436676025,https://www.genecards.org/cgi-bin/carddisp.pl?gene=LPIN2
CEBPA,CCAAT Enhancer Binding Protein Alpha,Protein Coding,P49715,60,GC19M033299,1.53587436676025,https://www.genecards.org/cgi-bin/carddisp.pl?gene=CEBPA
FASN,Fatty Acid Synthase,Protein Coding,P49327,61,GC17M082078,1.53587436676025,https://www.genecards.org/cgi-bin/carddisp.pl?gene=FASN
ECHDC1,Ethylmalonyl-CoA Decarboxylase 1,Protein Coding,Q9NTX5,45,GC06M127288,1.53587436676025,https://www.genecards.org/cgi-bin/carddisp.pl?gene=ECHDC1
GPS2,G Protein Pathway Suppressor 2,Protein Coding,Q13227,45,GC17M007311,1.53587436676025,https://www.genecards.org/cgi-bin/carddisp.pl?gene=GPS2
TRARG1,Trafficking Regulator Of GLUT4 (SLC2A4) 1 (Gene/Pseudogene),Protein Coding,Q8IXB3,41,GC17P174248,1.53587436676025,https://www.genecards.org/cgi-bin/carddisp.pl?gene=TRARG1
TRMT1L,TRNA Methyltransferase 1L,Protein Coding,Q7Z2T5,37,GC01M185118,1.53587436676025,https://www.genecards.org/cgi-bin/carddisp.pl?gene=TRMT1L
CD36,CD36 Molecule (CD36 Blood Group),Protein Coding,P16671,63,GC07P080369,1.53587436676025,https://www.genecards.org/cgi-bin/carddisp.pl?gene=CD36
GPAT2,"Glycerol-3-Phosphate Acyltransferase 2, Mitochondrial",Protein Coding,Q6NUI2,43,GC02M102933,1.43753957748413,https://www.genecards.org/cgi-bin/carddisp.pl?gene=GPAT2
HDAC11,Histone Deacetylase 11,Protein Coding,Q96DB2,57,GC03P030257,1.43753957748413,https://www.genecards.org/cgi-bin/carddisp.pl?gene=HDAC11
PRKCZ,Protein Kinase C Zeta,Protein Coding,Q05513,61,GC01P091475,1.43753957748413,https://www.genecards.org/cgi-bin/carddisp.pl?gene=PRKCZ
ADISSP,Adipose Secreted Signaling Protein,Protein Coding,Q9GZN8,38,GC20M004535,1.43753957748413,https://www.genecards.org/cgi-bin/carddisp.pl?gene=ADISSP
ZC3H10,Zinc Finger CCCH-Type Containing 10,Protein Coding,Q96K80,39,GC12P056118,1.43753957748413,https://www.genecards.org/cgi-bin/carddisp.pl?gene=ZC3H10
LANCL1,LanC Like Glutathione S-Transferase 1,Protein Coding,O43813,47,GC02M210431,1.43753957748413,https://www.genecards.org/cgi-bin/carddisp.pl?gene=LANCL1
TMEM182,Transmembrane Protein 182,Protein Coding,Q6ZP80,39,GC02P102748,1.43753957748413,https://www.genecards.org/cgi-bin/carddisp.pl?gene=TMEM182
SIRT3,Sirtuin 3,Protein Coding,Q9NTG7,60,GC11M000215,1.43753957748413,https://www.genecards.org/cgi-bin/carddisp.pl?gene=SIRT3
SIRT2,Sirtuin 2,Protein Coding,Q8IXJ6,60,GC19M038878,1.43753957748413,https://www.genecards.org/cgi-bin/carddisp.pl?gene=SIRT2
SDHA,Succinate Dehydrogenase Complex Flavoprotein Subunit A,Protein Coding,P31040,60,GC05P000254,1.43753957748413,https://www.genecards.org/cgi-bin/carddisp.pl?gene=SDHA
PCK1,Phosphoenolpyruvate Carboxykinase 1,Protein Coding,P35558,60,GC20P060649,1.43753957748413,https://www.genecards.org/cgi-bin/carddisp.pl?gene=PCK1
MED12,Mediator Complex Subunit 12,Protein Coding,Q93074,56,GC0XP071118,1.43753957748413,https://www.genecards.org/cgi-bin/carddisp.pl?gene=MED12
FGF9,Fibroblast Growth Factor 9,Protein Coding,P31371,56,GC13P021671,1.43753957748413,https://www.genecards.org/cgi-bin/carddisp.pl?gene=FGF9
CALCA,Calcitonin Related Polypeptide Alpha,Protein Coding,P06881,56,GC11M014966,1.43753957748413,https://www.genecards.org/cgi-bin/carddisp.pl?gene=CALCA
GFAP,Glial Fibrillary Acidic Protein,Protein Coding,P14136,60,GC17M104866,1.43753957748413,https://www.genecards.org/cgi-bin/carddisp.pl?gene=GFAP
ESRRB,Estrogen Related Receptor Beta,Protein Coding,O95718,60,GC14P076310,1.43753957748413,https://www.genecards.org/cgi-bin/carddisp.pl?gene=ESRRB
AGPAT2,1-Acylglycerol-3-Phosphate O-Acyltransferase 2,Protein Coding,O15120,55,GC09M136673,1.43753957748413,https://www.genecards.org/cgi-bin/carddisp.pl?gene=AGPAT2
TFE3,Transcription Factor Binding To IGHM Enhancer 3,Protein Coding,P19532,56,GC0XM049028,1.43753957748413,https://www.genecards.org/cgi-bin/carddisp.pl?gene=TFE3
PGF,Placental Growth Factor,Protein Coding,P49763,56,GC14M074941,1.43753957748413,https://www.genecards.org/cgi-bin/carddisp.pl?gene=PGF
CPT2,Carnitine Palmitoyltransferase 2,Protein Coding,P23786,62,GC01P053196,1.43753957748413,https://www.genecards.org/cgi-bin/carddisp.pl?gene=CPT2
APOA1,Apolipoprotein A1,Protein Coding,P02647,62,GC11M116835,1.43753957748413,https://www.genecards.org/cgi-bin/carddisp.pl?gene=APOA1
ACVR2B,Activin A Receptor Type 2B,Protein Coding,Q13705,62,GC03P038453,1.43753957748413,https://www.genecards.org/cgi-bin/carddisp.pl?gene=ACVR2B
STK3,Serine/Threonine Kinase 3,Protein Coding,Q13188,57,GC08M098343,1.43753957748413,https://www.genecards.org/cgi-bin/carddisp.pl?gene=STK3
TGFB2,Transforming Growth Factor Beta 2,Protein Coding,P61812,63,GC01P218345,1.43753957748413,https://www.genecards.org/cgi-bin/carddisp.pl?gene=TGFB2
CREB1,CAMP Responsive Element Binding Protein 1,Protein Coding,P16220,63,GC02P207529,1.43753957748413,https://www.genecards.org/cgi-bin/carddisp.pl?gene=CREB1
EGLN1,Egl-9 Family Hypoxia Inducible Factor 1,Protein Coding,Q9GZT9,63,GC01M231363,1.43753957748413,https://www.genecards.org/cgi-bin/carddisp.pl?gene=EGLN1
HSD11B1,Hydroxysteroid 11-Beta Dehydrogenase 1,Protein Coding,P28845,63,GC01P209686,1.43753957748413,https://www.genecards.org/cgi-bin/carddisp.pl?gene=HSD11B1
SIRT1,Sirtuin 1,Protein Coding,Q96EB6,62,GC10P067884,1.43753957748413,https://www.genecards.org/cgi-bin/carddisp.pl?gene=SIRT1
BMP4,Bone Morphogenetic Protein 4,Protein Coding,P12644,61,GC14M053949,1.43753957748413,https://www.genecards.org/cgi-bin/carddisp.pl?gene=BMP4
HSPA5,Heat Shock Protein Family A (Hsp70) Member 5,Protein Coding,P11021,61,GC09M125234,1.43753957748413,https://www.genecards.org/cgi-bin/carddisp.pl?gene=HSPA5
CAT,Catalase,Protein Coding,P04040,63,GC11P034460,1.43753957748413,https://www.genecards.org/cgi-bin/carddisp.pl?gene=CAT
KIT,"KIT Proto-Oncogene, Receptor Tyrosine Kinase",Protein Coding,P10721,66,GC04P054657,1.43753957748413,https://www.genecards.org/cgi-bin/carddisp.pl?gene=KIT
LCN2,Lipocalin 2,Protein Coding,P80188,58,GC09P128149,1.43753957748413,https://www.genecards.org/cgi-bin/carddisp.pl?gene=LCN2
IRS2,Insulin Receptor Substrate 2,Protein Coding,Q9Y4H2,58,GC13M109752,1.43753957748413,https://www.genecards.org/cgi-bin/carddisp.pl?gene=IRS2
FHL2,Four And A Half LIM Domains 2,Protein Coding,Q14192,58,GC02M105357,1.43753957748413,https://www.genecards.org/cgi-bin/carddisp.pl?gene=FHL2
CPT1B,Carnitine Palmitoyltransferase 1B,Protein Coding,Q92523,58,GC22M090892,1.43753957748413,https://www.genecards.org/cgi-bin/carddisp.pl?gene=CPT1B
CD274,CD274 Molecule,Protein Coding,Q9NZQ7,58,GC09P005450,1.43753957748413,https://www.genecards.org/cgi-bin/carddisp.pl?gene=CD274
ACACB,Acetyl-CoA Carboxylase Beta,Protein Coding,O00763,58,GC12P109116,1.43753957748413,https://www.genecards.org/cgi-bin/carddisp.pl?gene=ACACB
NR4A2,Nuclear Receptor Subfamily 4 Group A Member 2,Protein Coding,P43354,59,GC02M156324,1.43753957748413,https://www.genecards.org/cgi-bin/carddisp.pl?gene=NR4A2
PCSK1,Proprotein Convertase Subtilisin/Kexin Type 1,Protein Coding,P29120,61,GC05M096391,1.43753957748413,https://www.genecards.org/cgi-bin/carddisp.pl?gene=PCSK1
SQSTM1,Sequestosome 1,Protein Coding,Q13501,61,GC05P179806,1.43753957748413,https://www.genecards.org/cgi-bin/carddisp.pl?gene=SQSTM1
RB1,RB Transcriptional Corepressor 1,Protein Coding,P06400,61,GC13P048303,1.43753957748413,https://www.genecards.org/cgi-bin/carddisp.pl?gene=RB1
SDHB,Succinate Dehydrogenase Complex Iron Sulfur Subunit B,Protein Coding,P21912,61,GC01M040972,1.43753957748413,https://www.genecards.org/cgi-bin/carddisp.pl?gene=SDHB
CREBBP,CREB Binding Lysine Acetyltransferase ,Protein Coding,Q92793,67,GC16M055329,1.43753957748413,https://www.genecards.org/cgi-bin/carddisp.pl?gene=CREBBP
HOXC9,Homeobox C9,Protein Coding,P31274,45,GC12P086919,1.43753957748413,https://www.genecards.org/cgi-bin/carddisp.pl?gene=HOXC9
POU2AF1,POU Class 2 Homeobox Associating Factor 1,Protein Coding,Q16633,47,GC11M111352,1.43753957748413,https://www.genecards.org/cgi-bin/carddisp.pl?gene=POU2AF1
OXGR1,Oxoglutarate Receptor 1,Protein Coding,Q96P68,47,GC13M096985,1.43753957748413,https://www.genecards.org/cgi-bin/carddisp.pl?gene=OXGR1
ITPRID2,ITPR Interacting Domain Containing 2,Protein Coding,P28290,39,GC02P181892,1.43753957748413,https://www.genecards.org/cgi-bin/carddisp.pl?gene=ITPRID2
CASQ1,Calsequestrin 1,Protein Coding,P31415,55,GC01P160190,1.43753957748413,https://www.genecards.org/cgi-bin/carddisp.pl?gene=CASQ1
SLC22A2,Solute Carrier Family 22 Member 2,Protein Coding,O15244,55,GC06M160246,1.43753957748413,https://www.genecards.org/cgi-bin/carddisp.pl?gene=SLC22A2
RBM4,RNA Binding Motif Protein 4,Protein Coding,Q9BWF3,50,GC11P066638,1.43753957748413,https://www.genecards.org/cgi-bin/carddisp.pl?gene=RBM4
CITED1,Cbp/P300 Interacting Transactivator With Glu/Asp Rich Carboxy-Terminal Domain 1,Protein Coding,Q99966,49,GC0XM072301,1.43753957748413,https://www.genecards.org/cgi-bin/carddisp.pl?gene=CITED1
ATPAF1,ATP Synthase Mitochondrial F1 Complex Assembly Factor 1,Protein Coding,Q5TC12,48,GC01M046632,1.43753957748413,https://www.genecards.org/cgi-bin/carddisp.pl?gene=ATPAF1
BMAL1,Basic Helix-Loop-Helix ARNT Like 1,Protein Coding,O00327,54,GC11P025240,1.43753957748413,https://www.genecards.org/cgi-bin/carddisp.pl?gene=BMAL1
TNFRSF12A,TNF Receptor Superfamily Member 12A,Protein Coding,Q9NP84,55,GC16P003018,1.43753957748413,https://www.genecards.org/cgi-bin/carddisp.pl?gene=TNFRSF12A
SOD3,Superoxide Dismutase 3,Protein Coding,P08294,55,GC04P034456,1.43753957748413,https://www.genecards.org/cgi-bin/carddisp.pl?gene=SOD3
NFE2,"Nuclear Factor, Erythroid 2",Protein Coding,Q16621,54,GC12M054292,1.43753957748413,https://www.genecards.org/cgi-bin/carddisp.pl?gene=NFE2
HLX,H2.0 Like Homeobox,Protein Coding,Q14774,51,GC01P220879,1.43753957748413,https://www.genecards.org/cgi-bin/carddisp.pl?gene=HLX
SH2B1,SH2B Adaptor Protein 1,Protein Coding,Q9NRF2,54,GC16P136676,1.43753957748413,https://www.genecards.org/cgi-bin/carddisp.pl?gene=SH2B1
AGO1,Argonaute RISC Component 1,Protein Coding,Q9UL18,53,GC01P035869,1.43753957748413,https://www.genecards.org/cgi-bin/carddisp.pl?gene=AGO1
IL33,Interleukin 33,Protein Coding,O95760,53,GC09P011269,1.43753957748413,https://www.genecards.org/cgi-bin/carddisp.pl?gene=IL33
LRRC32,Leucine Rich Repeat Containing 32,Protein Coding,Q14392,51,GC11M076657,1.43753957748413,https://www.genecards.org/cgi-bin/carddisp.pl?gene=LRRC32
LGR4,Leucine Rich Repeat Containing G Protein-Coupled Receptor 4,Protein Coding,Q9BXB1,51,GC11M027365,1.43753957748413,https://www.genecards.org/cgi-bin/carddisp.pl?gene=LGR4
KLF15,KLF Transcription Factor 15,Protein Coding,Q9UIH9,51,GC03M126293,1.43753957748413,https://www.genecards.org/cgi-bin/carddisp.pl?gene=KLF15
NUAK2,NUAK Family Kinase 2,Protein Coding,Q9H093,51,GC01M205302,1.43753957748413,https://www.genecards.org/cgi-bin/carddisp.pl?gene=NUAK2
ESM1,Endothelial Cell Specific Molecule 1,Protein Coding,Q9NQ30,50,GC05M054977,1.43753957748413,https://www.genecards.org/cgi-bin/carddisp.pl?gene=ESM1
CD248,CD248 Molecule,Protein Coding,Q9HCU0,50,GC11M066314,1.43753957748413,https://www.genecards.org/cgi-bin/carddisp.pl?gene=CD248
C1QTNF1,C1q And TNF Related 1,Protein Coding,Q9BXJ1,50,GC17P079022,1.43753957748413,https://www.genecards.org/cgi-bin/carddisp.pl?gene=C1QTNF1
LMO3,LIM Domain Only 3,Protein Coding,Q8TAP4,50,GC12M016548,1.43753957748413,https://www.genecards.org/cgi-bin/carddisp.pl?gene=LMO3
PDK4,Pyruvate Dehydrogenase Kinase 4,Protein Coding,Q16654,57,GC07M095583,1.43753957748413,https://www.genecards.org/cgi-bin/carddisp.pl?gene=PDK4
NCOR1,Nuclear Receptor Corepressor 1,Protein Coding,O75376,57,GC17M016029,1.43753957748413,https://www.genecards.org/cgi-bin/carddisp.pl?gene=NCOR1
CFD,Complement Factor D,Protein Coding,P00746,57,GC19P000859,1.43753957748413,https://www.genecards.org/cgi-bin/carddisp.pl?gene=CFD
PNPLA2,"Patatin Like Domain 2, Triacylglycerol Lipase",Protein Coding,Q96AD5,57,GC11P024751,1.43753957748413,https://www.genecards.org/cgi-bin/carddisp.pl?gene=PNPLA2
RAB18,"RAB18, Member RAS Oncogene Family",Protein Coding,Q9NP72,50,GC10P027504,1.43753957748413,https://www.genecards.org/cgi-bin/carddisp.pl?gene=RAB18
PTH,Parathyroid Hormone,Protein Coding,P01270,57,GC11M013492,1.43753957748413,https://www.genecards.org/cgi-bin/carddisp.pl?gene=PTH
RAPGEF3,Rap Guanine Nucleotide Exchange Factor 3,Protein Coding,O95398,57,GC12M047736,1.43753957748413,https://www.genecards.org/cgi-bin/carddisp.pl?gene=RAPGEF3
RTN4,Reticulon 4,Protein Coding,Q9NQC3,57,GC02M054934,1.43753957748413,https://www.genecards.org/cgi-bin/carddisp.pl?gene=RTN4
KLF11,KLF Transcription Factor 11,Protein Coding,O14901,48,GC02P011194,1.43753957748413,https://www.genecards.org/cgi-bin/carddisp.pl?gene=KLF11
ADM2,Adrenomedullin 2,Protein Coding,Q7Z4H4,47,GC22P050481,1.43753957748413,https://www.genecards.org/cgi-bin/carddisp.pl?gene=ADM2
IRX3,Iroquois Homeobox 3,Protein Coding,P78415,47,GC16M054283,1.43753957748413,https://www.genecards.org/cgi-bin/carddisp.pl?gene=IRX3
TRPM8,Transient Receptor Potential Cation Channel Subfamily M Member 8,Protein Coding,Q7Z2W7,58,GC02P233917,1.43753957748413,https://www.genecards.org/cgi-bin/carddisp.pl?gene=TRPM8
ALOX12,"Arachidonate 12-Lipoxygenase, 12S Type",Protein Coding,P18054,57,GC17P174486,1.43753957748413,https://www.genecards.org/cgi-bin/carddisp.pl?gene=ALOX12
GRN,Granulin Precursor,Protein Coding,P28799,60,GC17P044345,1.43753957748413,https://www.genecards.org/cgi-bin/carddisp.pl?gene=GRN
IGF1,Insulin Like Growth Factor 1,Protein Coding,P05019,60,GC12M102395,1.43753957748413,https://www.genecards.org/cgi-bin/carddisp.pl?gene=IGF1
KITLG,KIT Ligand,Protein Coding,P21583,60,GC12M088492,1.43753957748413,https://www.genecards.org/cgi-bin/carddisp.pl?gene=KITLG
VGF,VGF Nerve Growth Factor Inducible,Protein Coding,O15240,52,GC07M101162,1.43753957748413,https://www.genecards.org/cgi-bin/carddisp.pl?gene=VGF
AGPAT1,1-Acylglycerol-3-Phosphate O-Acyltransferase 1,Protein Coding,Q99943,51,GC06M032168,1.43753957748413,https://www.genecards.org/cgi-bin/carddisp.pl?gene=AGPAT1
DIO3,Iodothyronine Deiodinase 3,Protein Coding,P55073,51,GC14P122737,1.43753957748413,https://www.genecards.org/cgi-bin/carddisp.pl?gene=DIO3
TRH,Thyrotropin Releasing Hormone,Protein Coding,P20396,52,GC03P129974,1.43753957748413,https://www.genecards.org/cgi-bin/carddisp.pl?gene=TRH
KLB,Klotho Beta,Protein Coding,Q86Z14,53,GC04P040631,1.43753957748413,https://www.genecards.org/cgi-bin/carddisp.pl?gene=KLB
MYF5,Myogenic Factor 5,Protein Coding,P13349,53,GC12P080716,1.43753957748413,https://www.genecards.org/cgi-bin/carddisp.pl?gene=MYF5
SLC17A6,Solute Carrier Family 17 Member 6,Protein Coding,Q9P2U8,52,GC11P025519,1.43753957748413,https://www.genecards.org/cgi-bin/carddisp.pl?gene=SLC17A6
FFAR4,Free Fatty Acid Receptor 4,Protein Coding,Q5NUL3,50,GC10P093566,1.30938720703125,https://www.genecards.org/cgi-bin/carddisp.pl?gene=FFAR4
TM4SF5,Transmembrane 4 L Six Family Member 5,Protein Coding,O14894,38,GC17P004771,1.30938720703125,https://www.genecards.org/cgi-bin/carddisp.pl?gene=TM4SF5
PDE10A,Phosphodiesterase 10A,Protein Coding,Q9Y233,58,GC06M165327,1.30938720703125,https://www.genecards.org/cgi-bin/carddisp.pl?gene=PDE10A
HNF4A,Hepatocyte Nuclear Factor 4 Alpha,Protein Coding,P41235,62,GC20P044355,1.30938720703125,https://www.genecards.org/cgi-bin/carddisp.pl?gene=HNF4A
CNR1,Cannabinoid Receptor 1,Protein Coding,P21554,58,GC06M088139,1.30938720703125,https://www.genecards.org/cgi-bin/carddisp.pl?gene=CNR1
PYGM,"Glycogen Phosphorylase, Muscle Associated",Protein Coding,P11217,59,GC11M064746,1.30938720703125,https://www.genecards.org/cgi-bin/carddisp.pl?gene=PYGM
VEGFA,Vascular Endothelial Growth Factor A,Protein Coding,P15692,61,GC06P043770,1.30938720703125,https://www.genecards.org/cgi-bin/carddisp.pl?gene=VEGFA
BDNF,Brain Derived Neurotrophic Factor,Protein Coding,P23560,62,GC11M027654,1.30938720703125,https://www.genecards.org/cgi-bin/carddisp.pl?gene=BDNF
CASP3,Caspase 3,Protein Coding,P42574,62,GC04M184627,1.30938720703125,https://www.genecards.org/cgi-bin/carddisp.pl?gene=CASP3
KCNQ1,Potassium Voltage-Gated Channel Subfamily Q Member 1,Protein Coding,P51787,62,GC11P002444,1.30938720703125,https://www.genecards.org/cgi-bin/carddisp.pl?gene=KCNQ1
GSR,Glutathione-Disulfide Reductase,Protein Coding,P00390,62,GC08M030678,1.30938720703125,https://www.genecards.org/cgi-bin/carddisp.pl?gene=GSR
PRKACA,Protein Kinase CAMP-Activated Catalytic Subunit Alpha,Protein Coding,P17612,65,GC19M115794,1.30938720703125,https://www.genecards.org/cgi-bin/carddisp.pl?gene=PRKACA
CPT1A,Carnitine Palmitoyltransferase 1A,Protein Coding,P50416,61,GC11M068754,1.30938720703125,https://www.genecards.org/cgi-bin/carddisp.pl?gene=CPT1A
CD44,CD44 Molecule (IN Blood Group),Protein Coding,P16070,61,GC11P035139,1.30938720703125,https://www.genecards.org/cgi-bin/carddisp.pl?gene=CD44
C3,Complement C3,Protein Coding,P01024,61,GC19M006677,1.30938720703125,https://www.genecards.org/cgi-bin/carddisp.pl?gene=C3
PTGS2,Prostaglandin-Endoperoxide Synthase 2,Protein Coding,P35354,63,GC01M186671,1.30938720703125,https://www.genecards.org/cgi-bin/carddisp.pl?gene=PTGS2
PRKAA2,Protein Kinase AMP-Activated Catalytic Subunit Alpha 2,Protein Coding,P54646,61,GC01P056645,1.30938720703125,https://www.genecards.org/cgi-bin/carddisp.pl?gene=PRKAA2
SMO,"Smoothened, Frizzled Class Receptor",Protein Coding,Q99835,64,GC07P170198,1.30938720703125,https://www.genecards.org/cgi-bin/carddisp.pl?gene=SMO
PIK3R1,Phosphoinositide-3-Kinase Regulatory Subunit 1,Protein Coding,P27986,64,GC05P068215,1.30938720703125,https://www.genecards.org/cgi-bin/carddisp.pl?gene=PIK3R1
NFE2L2,NFE2 Like BZIP Transcription Factor 2,Protein Coding,Q16236,64,GC02M177227,1.30938720703125,https://www.genecards.org/cgi-bin/carddisp.pl?gene=NFE2L2
DRD2,Dopamine Receptor D2,Protein Coding,P14416,63,GC11M113409,1.30938720703125,https://www.genecards.org/cgi-bin/carddisp.pl?gene=DRD2
EDNRB,Endothelin Receptor Type B,Protein Coding,P24530,63,GC13M077895,1.30938720703125,https://www.genecards.org/cgi-bin/carddisp.pl?gene=EDNRB
GATA3,GATA Binding Protein 3,Protein Coding,P23771,63,GC10P008045,1.30938720703125,https://www.genecards.org/cgi-bin/carddisp.pl?gene=GATA3
IFNG,Interferon Gamma,Protein Coding,P01579,63,GC12M068154,1.30938720703125,https://www.genecards.org/cgi-bin/carddisp.pl?gene=IFNG
PRDX1,Peroxiredoxin 1,Protein Coding,Q06830,62,GC01M045988,1.30938720703125,https://www.genecards.org/cgi-bin/carddisp.pl?gene=PRDX1
ADAM17,ADAM Metallopeptidase Domain 17,Protein Coding,P78536,63,GC02M009488,1.30938720703125,https://www.genecards.org/cgi-bin/carddisp.pl?gene=ADAM17
APOE,Apolipoprotein E,Protein Coding,P02649,62,GC19P171829,1.30938720703125,https://www.genecards.org/cgi-bin/carddisp.pl?gene=APOE
SYK,Spleen Associated Tyrosine Kinase,Protein Coding,P43405,64,GC09P159630,1.30938720703125,https://www.genecards.org/cgi-bin/carddisp.pl?gene=SYK
ADRA2A,Adrenoceptor Alpha 2A,Protein Coding,P08913,60,GC10P111077,1.30938720703125,https://www.genecards.org/cgi-bin/carddisp.pl?gene=ADRA2A
ADORA2B,Adenosine A2b Receptor,Protein Coding,P29275,60,GC17P174726,1.30938720703125,https://www.genecards.org/cgi-bin/carddisp.pl?gene=ADORA2B
ADCY3,Adenylate Cyclase 3,Protein Coding,O60266,60,GC02M024819,1.30938720703125,https://www.genecards.org/cgi-bin/carddisp.pl?gene=ADCY3
VIM,Vimentin,Protein Coding,P08670,63,GC10P017227,1.30938720703125,https://www.genecards.org/cgi-bin/carddisp.pl?gene=VIM
TNF,Tumor Necrosis Factor,Protein Coding,P01375,63,GC06P199528,1.30938720703125,https://www.genecards.org/cgi-bin/carddisp.pl?gene=TNF
EIF4EBP1,Eukaryotic Translation Initiation Factor 4E Binding Protein 1,Protein Coding,Q13541,60,GC08P045884,1.30938720703125,https://www.genecards.org/cgi-bin/carddisp.pl?gene=EIF4EBP1
CCL2,C-C Motif Chemokine Ligand 2,Protein Coding,P13500,60,GC17P034255,1.30938720703125,https://www.genecards.org/cgi-bin/carddisp.pl?gene=CCL2
ALDH1A1,Aldehyde Dehydrogenase 1 Family Member A1,Protein Coding,P00352,60,GC09M072900,1.30938720703125,https://www.genecards.org/cgi-bin/carddisp.pl?gene=ALDH1A1
LRP5,LDL Receptor Related Protein 5,Protein Coding,O75197,62,GC11P068298,1.30938720703125,https://www.genecards.org/cgi-bin/carddisp.pl?gene=LRP5
MME,Membrane Metalloendopeptidase,Protein Coding,P08473,62,GC03P155024,1.30938720703125,https://www.genecards.org/cgi-bin/carddisp.pl?gene=MME
PCSK9,Proprotein Convertase Subtilisin/Kexin Type 9,Protein Coding,Q8NBP7,62,GC01P055039,1.30938720703125,https://www.genecards.org/cgi-bin/carddisp.pl?gene=PCSK9
PDPK1,3-Phosphoinositide Dependent Protein Kinase 1,Protein Coding,O15530,62,GC16P002537,1.30938720703125,https://www.genecards.org/cgi-bin/carddisp.pl?gene=PDPK1
ADCY1,Adenylate Cyclase 1,Protein Coding,Q08828,60,GC07P052703,1.30938720703125,https://www.genecards.org/cgi-bin/carddisp.pl?gene=ADCY1
ACOT9,Acyl-CoA Thioesterase 9,Protein Coding,Q9Y305,48,GC0XM023701,1.30938720703125,https://www.genecards.org/cgi-bin/carddisp.pl?gene=ACOT9
RDH10,Retinol Dehydrogenase 10,Protein Coding,Q8IZV5,49,GC08P073294,1.30938720703125,https://www.genecards.org/cgi-bin/carddisp.pl?gene=RDH10
ENHO,Energy Homeostasis Associated,Protein Coding,Q6UWT2,40,GC09M037217,1.30938720703125,https://www.genecards.org/cgi-bin/carddisp.pl?gene=ENHO
CCDC80,Coiled-Coil Domain Containing 80,Protein Coding,Q76M96,45,GC03M112604,1.30938720703125,https://www.genecards.org/cgi-bin/carddisp.pl?gene=CCDC80
CIDEB,Cell Death Inducing DFFA Like Effector B,Protein Coding,Q9UHD4,45,GC14M024305,1.30938720703125,https://www.genecards.org/cgi-bin/carddisp.pl?gene=CIDEB
KDM7A,Lysine Demethylase 7A,Protein Coding,Q6ZMT4,45,GC07M140084,1.30938720703125,https://www.genecards.org/cgi-bin/carddisp.pl?gene=KDM7A
LANCL2,LanC Like Glutathione S-Transferase 2,Protein Coding,Q9NS86,44,GC07P055365,1.30938720703125,https://www.genecards.org/cgi-bin/carddisp.pl?gene=LANCL2
LPIN3,Lipin 3,Protein Coding,Q9BQK8,44,GC20P041340,1.30938720703125,https://www.genecards.org/cgi-bin/carddisp.pl?gene=LPIN3
TSKU,"Tsukushi, Small Leucine Rich Proteoglycan",Protein Coding,Q8WUA8,41,GC11P130689,1.30938720703125,https://www.genecards.org/cgi-bin/carddisp.pl?gene=TSKU
SLN,Sarcolipin,Protein Coding,O00631,46,GC11M146867,1.30938720703125,https://www.genecards.org/cgi-bin/carddisp.pl?gene=SLN
OVOL2,Ovo Like Zinc Finger 2,Protein Coding,Q9BRP0,46,GC20M017956,1.30938720703125,https://www.genecards.org/cgi-bin/carddisp.pl?gene=OVOL2
MTUS1,Microtubule Associated Scaffold Protein 1,Protein Coding,Q9ULD2,46,GC08M017643,1.30938720703125,https://www.genecards.org/cgi-bin/carddisp.pl?gene=MTUS1
MED20,Mediator Complex Subunit 20,Protein Coding,Q9H944,46,GC06M041905,1.30938720703125,https://www.genecards.org/cgi-bin/carddisp.pl?gene=MED20
WSB1,WD Repeat And SOCS Box Containing 1,Protein Coding,Q9Y6I7,47,GC17P027294,1.30938720703125,https://www.genecards.org/cgi-bin/carddisp.pl?gene=WSB1
HOXC4,Homeobox C4,Protein Coding,P09017,47,GC12P054016,1.30938720703125,https://www.genecards.org/cgi-bin/carddisp.pl?gene=HOXC4
TRA,T Cell Receptor Alpha Locus,Protein Coding,P0DSE1,29,GC14P021621,1.30938720703125,https://www.genecards.org/cgi-bin/carddisp.pl?gene=TRA
PRLH,Prolactin Releasing Hormone,Protein Coding,P81277,36,GC02P237734,1.30938720703125,https://www.genecards.org/cgi-bin/carddisp.pl?gene=PRLH
EID1,EP300 Interacting Inhibitor Of Differentiation 1,Protein Coding,Q9Y6B2,37,GC15P210575,1.30938720703125,https://www.genecards.org/cgi-bin/carddisp.pl?gene=EID1
TP53INP2,Tumor Protein P53 Inducible Nuclear Protein 2,Protein Coding,Q8IXH6,38,GC20P059488,1.30938720703125,https://www.genecards.org/cgi-bin/carddisp.pl?gene=TP53INP2
CCDC3,Coiled-Coil Domain Containing 3,Protein Coding,Q9BQI4,38,GC10M012896,1.30938720703125,https://www.genecards.org/cgi-bin/carddisp.pl?gene=CCDC3
PCOLCE2,Procollagen C-Endopeptidase Enhancer 2,Protein Coding,Q9UKZ9,40,GC03M142815,1.30938720703125,https://www.genecards.org/cgi-bin/carddisp.pl?gene=PCOLCE2
TM6SF2,Transmembrane 6 Superfamily Member 2,Protein Coding,Q9BZW4,41,GC19M019264,1.30938720703125,https://www.genecards.org/cgi-bin/carddisp.pl?gene=TM6SF2
FAM3A,FAM3 Metabolism Regulating Signaling Molecule A,Protein Coding,P98173,42,GC0XM154506,1.30938720703125,https://www.genecards.org/cgi-bin/carddisp.pl?gene=FAM3A
PAXIP1,PAX Interacting Protein 1,Protein Coding,Q6ZW49,49,GC07M154943,1.30938720703125,https://www.genecards.org/cgi-bin/carddisp.pl?gene=PAXIP1
YBX2,Y-Box Binding Protein 2,Protein Coding,Q9Y2T7,50,GC17M007288,1.30938720703125,https://www.genecards.org/cgi-bin/carddisp.pl?gene=YBX2
SLC17A8,Solute Carrier Family 17 Member 8,Protein Coding,Q8NDX2,50,GC12P100367,1.30938720703125,https://www.genecards.org/cgi-bin/carddisp.pl?gene=SLC17A8
OXT,Oxytocin/Neurophysin I Prepropeptide,Protein Coding,P01178,50,GC20P012389,1.30938720703125,https://www.genecards.org/cgi-bin/carddisp.pl?gene=OXT
NRDC,Nardilysin Convertase,Protein Coding,O43847,50,GC01M051956,1.30938720703125,https://www.genecards.org/cgi-bin/carddisp.pl?gene=NRDC
ATF7,Activating Transcription Factor 7,Protein Coding,P17544,50,GC12M053968,1.30938720703125,https://www.genecards.org/cgi-bin/carddisp.pl?gene=ATF7
GAPDH,Glyceraldehyde-3-Phosphate Dehydrogenase,Protein Coding,P04406,64,GC12P085713,1.30938720703125,https://www.genecards.org/cgi-bin/carddisp.pl?gene=GAPDH
FOS,"Fos Proto-Oncogene, AP-1 Transcription Factor Subunit",Protein Coding,P01100,64,GC14P075278,1.30938720703125,https://www.genecards.org/cgi-bin/carddisp.pl?gene=FOS
TGFB1,Transforming Growth Factor Beta 1,Protein Coding,P01137,65,GC19M041301,1.30938720703125,https://www.genecards.org/cgi-bin/carddisp.pl?gene=TGFB1
SOD1,Superoxide Dismutase 1,Protein Coding,P00441,66,GC21P031659,1.30938720703125,https://www.genecards.org/cgi-bin/carddisp.pl?gene=SOD1
SLC2A1,Solute Carrier Family 2 Member 1,Protein Coding,P11166,66,GC01M042925,1.30938720703125,https://www.genecards.org/cgi-bin/carddisp.pl?gene=SLC2A1
MAPK1,Mitogen-Activated Protein Kinase 1,Protein Coding,P28482,66,GC22M090309,1.30938720703125,https://www.genecards.org/cgi-bin/carddisp.pl?gene=MAPK1
AKT1,AKT Serine/Threonine Kinase 1,Protein Coding,P31749,66,GC14M104769,1.30938720703125,https://www.genecards.org/cgi-bin/carddisp.pl?gene=AKT1
TLR4,Toll Like Receptor 4,Protein Coding,O00206,63,GC09P117704,1.30938720703125,https://www.genecards.org/cgi-bin/carddisp.pl?gene=TLR4
TH,Tyrosine Hydroxylase,Protein Coding,P07101,63,GC11M002163,1.30938720703125,https://www.genecards.org/cgi-bin/carddisp.pl?gene=TH
TFRC,Transferrin Receptor,Protein Coding,P02786,63,GC03M196871,1.30938720703125,https://www.genecards.org/cgi-bin/carddisp.pl?gene=TFRC
SERPINE1,Serpin Family E Member 1,Protein Coding,P05121,63,GC07P115646,1.30938720703125,https://www.genecards.org/cgi-bin/carddisp.pl?gene=SERPINE1
RARA,Retinoic Acid Receptor Alpha,Protein Coding,P10276,63,GC17P040309,1.30938720703125,https://www.genecards.org/cgi-bin/carddisp.pl?gene=RARA
PTPN1,Protein Tyrosine Phosphatase Non-Receptor Type 1,Protein Coding,P18031,63,GC20P050510,1.30938720703125,https://www.genecards.org/cgi-bin/carddisp.pl?gene=PTPN1
KCNH2,Potassium Voltage-Gated Channel Subfamily H Member 2,Protein Coding,Q12809,63,GC07M150944,1.30938720703125,https://www.genecards.org/cgi-bin/carddisp.pl?gene=KCNH2
